<?xml version="1.0"?>
<Info>
  <Color index="0" value="16777215">
  </Color>
  <Color index="1" value="16777215">
  </Color>
  <Color index="2" value="16777215">
  </Color>
  <Color index="3" value="16777215">
  </Color>
  <Color index="4" value="16777215">
  </Color>
  <Color index="5" value="16777215">
  </Color>
  <Color index="6" value="16777215">
  </Color>
  <Color index="7" value="16777215">
  </Color>
  <Color index="8" value="16777215">
  </Color>
  <Color index="9" value="16777215">
  </Color>
  <Color index="10" value="16777215">
  </Color>
  <Color index="11" value="16777215">
  </Color>
  <Color index="12" value="16777215">
  </Color>
  <Color index="13" value="16777215">
  </Color>
  <Color index="14" value="16777215">
  </Color>
  <Color index="15" value="16777215">
  </Color>
  <Config Name="Default" Pattern="Color Rain" ForeColor="-16711681" BackColor="-13421773" Rate="15" Bounce="False">
  </Config>&gt;</Info>